timestamp,rss_kb,cpu_percent
1771744684,321392,209.6
1771744685,323072,10.2
1771744686,323088,0.8
1771744687,323072,0.1
1771744688,322976,0.1
1771744689,322976,0.1
1771744690,322992,0.2
1771744691,322992,0.1
1771744692,323008,0.9
1771744693,323008,0.2
1771744694,323024,0.2
1771744695,323024,0.3
1771744696,323072,1.5
1771744697,323104,0.2
1771744698,323104,0.1
1771744699,323104,0.1
1771744700,323104,0.0
1771744701,323104,0.0
1771744703,323104,0.0
1771744704,323120,0.0
1771744705,323120,0.0
1771744706,323120,0.0
1771744707,323120,0.0
1771744708,323120,0.3
1771744709,323120,0.0
1771744710,323136,0.1
1771744711,323136,0.0
1771744712,323136,0.0
1771744713,323136,0.0
1771744714,323136,0.0
1771744715,323136,0.0
1771744716,323136,0.0
1771744717,323136,0.0
1771744718,323136,0.0
1771744719,323136,0.0
1771744720,323136,0.0
1771744721,323136,0.0
1771744723,323136,0.0
1771744724,323136,0.0
1771744725,323136,0.0
1771744726,323136,0.0
1771744727,323136,0.1
1771744728,323136,0.0
1771744729,323136,0.1
1771744730,323136,0.0
1771744731,323136,0.0
1771744732,323152,0.1
1771744733,323152,0.0
1771744734,323152,0.0
1771744735,323152,0.0
1771744736,323152,0.0
1771744737,323152,0.0
1771744738,323152,0.0
1771744739,323152,0.0
1771744740,323152,0.0
1771744742,323152,0.0
1771744743,323168,0.0
